{
    "img_path": "images/look/2011_2025-01-07_13-19-43.png",
    "class": "11",
    "top_all_classes": {
        "1": 0.9633544087409973,
        "11": 0.36241379380226135,
        "3": 0.17589718103408813,
        "2": 0.13484814763069153,
        "5": 0.12570323050022125
    },
    "top_2_digit_classes": {
        "11": 0.36241379380226135,
        "21": 0.04084433242678642,
        "19": 0.04057004675269127
    }
}